source_file,user_input,retrieved_contexts,response,reference,faithfulness,answer_relevancy,context_precision,context_recall
100-sample-samples-081-085.md,Apa hubungan CNN dan deep learning?,"[""[38] C Cavina-Pratesi, C Hesse. Why do the eyes prefer the index finger? Simultaneous recording of eye and hand movements during precision grasping. (2013-04)\n\n[39] TJ Bosch, T Hanna, KA Fercho, LA Baugh. Behavioral performance and visual strategies during skill acquisition using a novel tool use motor learning task. (2018-12)\n\n[40] W Choi. The effect of task-oriented training on upper-limb function, visual perception, and activities of daily living in acute stroke patients: A pilot study. (2022-03)\n\n[41] I Pysmennyi, R Kyslyi, A Petrenko. Edge computing in multi-scope service-oriented mobile healthcare systems. (2019-03)\n\n[42] J Lv, Q Sun, Q Li, L Moreira-Matias. Multi-scale and multiscope convolutional neural networks for destination prediction of trajectories. (2020-08)\n\n[43] AA Saputra, K Wada, S Masuda, N Kubota. Multi-scopic neuro-cognitive adaptation for legged locomotion robots. (2021-08)\n\n[44] AF Zhu, P Rahgozar, KC Chung. Advances in proximal interphalangeal joint arthroplasty. (2018-05)\n\n[45] J.-S Won, S Lee. Geometry-based finger kinematic models for joint rotation configuration and parameter estimation. (2020-07)\n\n[46] AR A Besari, AA Saputra, WH Chin, N Kubota, Kurnianingsih. Feature-based egocentric grasp pose classification for expanding humanobject interactions. (2021-06)\n\n[47] PB Shull, S Jiang, Y Zhu, X Zhu. Hand gesture recognition and finger angle estimation via wrist-worn modified barometric pressure sensing. (2019-04)\n\n[48] I Imbinto, F Montagnani, M Bacchereti, C Cipriani, A Davalli, R Sacchetti, E Gruppioni, S Castellano, M Controzzi. The S-finger: A synergetic externally powered digit with tactile sensing and feedback. (2018-06)\n\n[49] J Mazumder, LN Nahar, M Md Uddin Atique. Finger gesture detection and application using hue saturation value. (2018-08)\n\n[50] WB Dou, WH Chin, N Kubota. Hand gesture communication using deep learning based on relevance theory,'. (2020-12)\n\n[51] AR A Besari, WH Chin, N Kubota, Kurnianingsih. Ecological approach for object relationship extraction in elderly care robot. (2020-12)\n\n[52] Y Cheng. Backpropagation for fully connected cascade networks. (2017-08)\n\n[53] P Gajbhiye, N Mingchinda, W Chen, SC Mukhopadhyay, T Wilaiprasitporn, RK Tripathy. Wavelet domain optimized Savitzky-Golay filter for the removal of motion artifacts from EEG recordings. (2021)\n\n[54] R Chen, M Wang, J.-H Chang. A study of the pinch performance and subjective satisfaction with chopsticks of different lengths. (2017)\n\n[55] AR A Besari, WH Chin, N Kubota, Kurnianingsih. Ecological approach for object relationship extraction in elderly care robot. (2020-12)\n\n[56] YJ R De Kloe, IT C Hooge, C Kemner, DC Niehorster, M Nyström, RS Hessels. Replacing eye trackers in ongoing studies: A comparison of eye-tracking data quality between the Tobii pro TX300 and the tobii pro spectrum. (2022-01)\n\n[57] EP Larsen, JM Kolman, FN Masud, F Sasangohar. Ethical considerations when using a mobile eye tracker in a patient-facing area: Lessons from an intensive care unit observational protocol. (2020-11)\n\n[58] DC Niehorster, T Santini, RS Hessels, IT C Hooge, E Kasneci, M Nyström. The impact of slippage on the data quality of head-worn eye trackers. (2020-06)\n\n[59] C Chen, W Guo, C Ma, Y Yang, Z Wang, C Lin. SEMGbased continuous estimation of finger kinematics via large-scale temporal convolutional network. (2021-05)\n\n[60] C Dai, X Hu. Finger joint angle estimation based on motoneuron discharge activities. (2020-03)\n\n[61] H Eschmann, ME Héroux, JH Cheetham, S Potts, J Diong. Thumb and finger movement is reduced after stroke: An observational study. (2019-06)\n\n[62] SN Emhardt, M Wermeskerken, K Scheiter, T Gog. Inferring task performance and confidence from displays of eye movements. (2020-11)\n\n[63] X Fang, F Yu, G Yang, Y Qu. Regression analysis with differential privacy preserving. (2019)\n\n[64] H Zhu, X You, S Liu. Multiple ant colony optimization based on Pearson correlation coefficient. (2019)\n\n[65] L Ke, A Kamat, J Wang, T Bhattacharjee, C Mavrogiannis, SS Srinivasa. Telemanipulation with Chopsticks: Analyzing human factors in user demonstrations. (2022-06)\n\n[66] A Murata, T Doi, W Kageyama, Karwowski. Development of an eye-gaze input system with high speed and accuracy through target prediction based on homing eye movements. (2021)\n\n[67] B Banire, D Al-Thani, M Qaraqe, K Khowaja, B Mansoor. The effects of visual stimuli on attention in children with autism spectrum disorder: An eye-tracking study. (2020) (Finger Joint Angle Estimation With Visual Attention for Rehabilitation Support: A Case Study of the Chopsticks Manipulation Test, page 2)"", 'The Convolutional Neural Network (CNN) model is trained using the prepared dataset. CNN is a type of deep neural network that is highly effective for the analysis and processing of visual data such as images and videos. In this context, CNN is used to predict the position of the ball based on the position data that has been collected during the training session. The training process involves adjusting the weights of the model through the backpropagation technique to minimize the prediction error. The Fig. 7 is a sequential model of the CNN architecture for ball position prediction. A sequential model is a series of layers that are processed sequentially from input to output. The given model consists of several types of layers: Conv1D, AveragePooling1D, Dropout, MaxPooling1D, Flatten, and Dense. The operation process is in equations ( 4) to (9). (Prediction of Ball Position Using CNN Methods With Zed Camera on Goalkeeper Robot Application, page 7)', 'Keywords: Ball position prediction, ZED camera, deep learning, convolutional neural network, ERSOW goalkeeper robot (Prediction of Ball Position Using CNN Methods With Zed Camera on Goalkeeper Robot Application, page 1)', 'Qurishee [71] presented an autonomous pavement condition evaluation employing deep learning, an unmanned aerial vehicle (UAV), and Raspberry Pi tiny computer technologies, which improves road maintenance and renovation management efficiency and cost effectiveness. A lowcost Raspberry Pi smart defect-detecting camera was set up with the trained SSD MobileNet v1, which can be deployed with a UAV for real-time and remote pavement condition inspection. According to preliminary data, the smart pavement detector camera achieves 60% accuracy at 1.2 frames per second on the Raspberry Pi and 96% accuracy at 13.8 frames per second on a CPU-based computer. Hassan et al. [72] employs CNN models that are improved tiny YOLO V3 on UAVs and achieves good results, with precision, sensitivity, and F1 score values better than 85%, but without considering FPS. Sathvik et al. [39] introduce\n\nTABLE 1. Comparison of object detection models deployed on edge device.\n\npothole detection, an edge computing framework that runs efficient deep neural networks, lowering the latency of earlier techniques. Using transfer learning-based models, an F1 score of 0.64. The YOLO V7 model had an F1 score of 0.51, which improved proportionally (the higher the F1 score, the more efficient the training model) as the number of epochs increased. The YOLO V7 runs on a CPU-based computer, however it does not consider run on edge devices.\n\nSeveral studies using CNN models deployed on NVIDIA Jetson Nano devices include the SSD-MobileNet model with a batch size of 64 and mAP of 0.22 [48], the MobileNet V2 model, and the SSD Resnet50V1 model [34], [35]. The MobileNet V2 model using hyperparameter settings has a higher mAP of 0.0869 and average recall 0.241 than the SSD Resnet50V1. Yebes et al. [40] created a massive dataset of images with pothole annotations and road scenes from many cities across the world, captured with various cameras, vehicles, and viewpoints under varying environmental circumstances. Their fine-tuned Faster R-CNN Inception v2, Faster R-CNN Resnet101, and Faster R-CNN Inception-Resnet v2 models reached precision 75%, and their CNN model deployed the pothole detector on the Nvidia DrivePX2 platform running at 5-6 frames per second. Based on the findings of this investigation, CNN models were included in the hardware, as indicated in Table 1, although further research is needed to improve system performance (mAP, AR, F1 score) and speed up inference time. Based on previous studies on road damage, several researchers have utilized the CNN model by optimizing its network structure. Specifically, the YOLO model automates the network structure through the introduction of a new module. However, few YOLOv3 models incorporate hyperparameter optimization, with only one study utilizing the Bayesian method. (iYOLOV7-TPE-SS: Leveraging Improved YOLO Model With Multilevel Hyperparameter Optimization for Road Damage Detection on Edge Devices, page 1)', ""The pooling layer, which comes after the convolution layer, is meant to combine key information and lower the dimensionality of the feature map. Max pooling, which chooses the maximum value within each condensed area of the feature map, is a frequently used kind of pooling. This lessens the number of parameters that must be computed and increases the model's resistance to slight variations in the input features' locations.\n\nCNNs typically have multiple sets of successive convolution and pooling layers, which allow the network to detect increasingly complex features at each layer. Early layers may detect simple edges and lines, while deeper layers may detect more complex objects, such as specific shapes and patterns.\n\nThe final input is supplied into the fully connected layer after passing through several convolution and pooling layers. Every neuron in this layer is connected to every other neuron in the layer before it, enabling the network to compile the features that were taken out of the earlier levels and come to a conclusion. An activation function that aids in the final classification, such as ReLU (Rectified Linear Unit) or Softmax, typically follows this completely connected layer.\n\nThis study designs and implements appropriate parameter values in each layer of the CNN used. Previous researchers have created several methods for artificial intelligence that have been tried to be implemented on the ERSOW robot. These methods are Label Propagation, Extra Tree Classifier, Ridge Classifier, Linear SVC, Passive Aggressive Classifier, AdaBoost, Label Spreading, Nearest Centroid, GaussianNB, and Dummy Classifier (Prediction of Ball Position Using CNN Methods With Zed Camera on Goalkeeper Robot Application, page 5)"", 'FIGURE 6. CNN block diagram.\n\nGambar ini menampilkan skema blok CNN (Convolutional Neural Network). Elemen visual utama adalah beberapa lapisan konvolusi yang dihubungkan dengan satu sama lain melalui proses pemrosesan suatu gambar. Lapisan-lapisan tersebut terlihat seperti kotak-kotak persegi panjang yang berurutan, masing-masing memiliki label yang menunjukkan jenis operasi yang dilakukan: Conv2D (lapisan konvolusi), MaxPooling2D (proses downsampling dengan memilih maksimum nilai), Flatten (mengubah pola input 3 dimensi menjadi array satu dimensi).\n\nPada bagian atas skema, terdapat label ""Input"" dan ""Output"", yang menunjukkan bahwa gambar ini berfungsi untuk menerima input suatu citra dan menghasilkan output berupa hasil pengenalan atau klasifikasi. Namun, detail tentang jenis citra yang digunakan sebagai input masih tidak dapat diidentifikasi secara pasti dari gambar ini.\n\nDari skema blok CNN ini, dapat disimpulkan bahwa proses pemrosesan gambar dilakukan melalui beberapa tahap konvolusi dan downsampling dengan maksimum. Fungsi utamanya adalah untuk mengekstrak fitur-fitur penting dalam citra dan menghasilkan klasifikasi yang akurat terhadap suatu tipe objek atau kategori.\n\nPerlu diingat bahwa karena hanya ada skema blok saja, detail tentang parameter atau nilai spesifik dari setiap lapisan konvolusi tidak dapat dilihat. Oleh karena itu, interpretasi harus berfokus pada gambaran umum proses yang terjadi dalam CNN daripada detil teknis parametris. (Development of a Speech Emotion Recognition Dataset for Indonesian, page 6)', ""This research uses the ROS system because it has the ability to integrate camera sensors with artificial intelligence methods and several other combined sensors in the robot. Fig. 4 shows the basic communication system for accessing the ZED camera on the robot. Image information is acquired over time and processed in real-time.  The prediction system that has been created using the CNN algorithm tries to change the layer parameter model to get the best results in classifying the position of the predicted direction of the ball. The dataset was collected as shown in Fig. 6. The CNN design used is as in Fig. 7 and equations ( 4) to (9). Convolutional Neural Network (CNN) is a type of artificial neural network specifically designed to process two-dimensional grid-shaped data, such as images. The convolution layer, pooling layer, and fully connected layer are the three primary hierarchical layers of a CNN. The central component of a CNN is the convolution layer, where different visual elements like edges, textures, and patterns are detected by applying filters or kernels to the input. A feature map reflecting the position of a certain feature in the original image is produced by the convolution layer's filters scanning the entire input. The way that neurons in the human brain react to visual stimuli is comparable to this mechanism. (Prediction of Ball Position Using CNN Methods With Zed Camera on Goalkeeper Robot Application, page 4)"", ""This chapter discusses the results of the dataset that has been created as well as the results of the Convolutional Neural Network (CNN) testing that has been carried out. In this research, we produced a comprehensive dataset specifically designed for applications involving wheeled soccer goalkeeper robots. The dataset includes a variety of scenarios capturing different ball movements, speeds, shooting angles, and environmental conditions to ensure robustness and versatility.\n\nThe development, implementation, and compilation processes in this study were performed on a system with the specifications listed in Table 2. These specifications include various hardware components such as high-performance CPUs, GPUs, and adequate RAM, as well as software components including operating systems, deep learning frameworks, and data processing libraries. The choice of hardware and software was critical to achieve optimal performance, enabling efficient handling of complex algorithms and large volumes of data during the development, testing, and evaluation phases.\n\nUsing the right hardware ensured fast processing times and the ability to run intensive computations necessary for training deep learning models. Meanwhile, the selection of appropriate software provided the tools needed for data preprocessing, model training, and evaluation. For instance, the use of deep learning frameworks like TensorFlow facilitated the construction and training of the CNN model, while data processing libraries such as NumPy and Pandas were essential for managing and manipulating the dataset.\n\nTABLE 2. Computer specification.  The model's overall accuracy is approximately 98.02%, calculated as follows by equations ( 11) to (14).\n\nPrecision, measuring the proportion of correct ball predictions out of all ball predictions, is very high at 99.75%:\n\nRecall, or sensitivity, measuring the proportion of correctly identified balls out of all actual balls, is also high at 98.26%:\n\nThe F1 Score, the harmonic mean of precision and recall, is around 99.00%:\n\nThese metrics indicate that the model has high performance in detecting balls, although it struggles with correctly identifying the background.  TABLE 3. Comparisons results of the proposed system with related works. measures the model's performance on a separate dataset. A large gap between these two lines may indicate overfitting.\n\nAt epochs 0 to 20, training accuracy jumps significantly followed by a similar increase in validation accuracy. At epochs 21 to 40, there is a slight increase in training accuracy with a short period of decline before rising again, while validation accuracy rises significantly and then falls sharply before rising again. At epochs 41 to 60, both graphs show steady fluctuations. At epochs 61 to 80, the fluctuation pattern continued on both graphs. At the last epochs, 81 to 100, there is a significant drop in training accuracy followed immediately by a rapid rise, while validation accuracy shows a continuous up and down trend with no apparent stability. Testing was conducted to evaluate the performance of the trained model. Table 3 presents the performance report of the proposed model, a CNN-based machine learning model, in classifying test data into three categories: ''right,'' ''left,'' and ''center.'' With 180 test samples, the model achieved an overall accuracy of 70%, indicating that 70% of its predictions were correct. Table 3 shows the result of proposed method and other comparison models. From the performance evaluation results of the CNN prediction model for ball position, it was found that the model performed well for the prediction of the ''right'' and ''left'' classes, with F1-score of 0.84 and 0.76 respectively, indicating that the model was quite reliable in classifying both classes. However, the model performance for the ''center'' class showed a significant decrease, with an F1-score of only 0.39. This suggests either an imbalance in the data or a complexity in the ball movement pattern at the center that is difficult for the model to identify.\n\nThese findings show that while the CNN model is effective for most scenarios, there are areas that require improvement, especially in predicting the ''center'' class. One of the future development plans is to improve the data distribution by rebalancing the dataset so that the ''center'' class has more training examples. In addition, more complex models will be developed using other deep learning techniques, such as integration with Long Short-Term Memory (LSTM) to better capture temporal patterns in ball movement.\n\nFor the future, some other approaches that can be developed include the use of data augmentation to generate more variations of the ball position in the ''center'' class, as well as further tuning the CNN architecture to reduce the overfitting phenomenon detected in some epochs during training. The use of attention mechanisms can also be implemented to help the model focus on key features of the ball movement, so as to improve prediction accuracy, especially in the ''center'' class which tends to be less accurate. (Prediction of Ball Position Using CNN Methods With Zed Camera on Goalkeeper Robot Application, page 9)""]","CNN (Convolutional Neural Network) adalah salah satu jenis jaringan saraf tiruan yang khusus dirancang untuk memproses data berdimensi grid, seperti citra atau gambar. CNN menggunakan lapisan konvolusi dan pooling untuk mengekstrak fitur-fitur penting dalam citra dan menghasilkan klasifikasi yang akurat terhadap suatu tipe objek atau kategori.

Dalam konteks penelitian tentang prediksi posisi bola menggunakan ZED camera, CNN digunakan sebagai algoritma pemrosesan citra untuk mendeteksi posisi bola dan memprediksikan arah gerakannya. CNN juga digunakan dalam beberapa aplikasi lainnya seperti pengenalan emosi bahasa, pengenalan wajah, dan pengenalan pola.

Deep learning adalah sebuah cabang ilmu komputer yang berfokus pada pengembangan jaringan saraf tiruan yang dapat belajar dari data dan mengadaptasi diri untuk meningkatkan akurasi hasilnya. CNN adalah salah satu contoh aplikasi deep learning yang digunakan dalam beberapa bidang seperti citra, bahasa, dan audio.

Dalam konteks ini, hubungan antara CNN dan deep learning adalah bahwa CNN merupakan salah satu jenis jaringan saraf tiruan yang dapat digunakan untuk melakukan deep learning, yaitu belajar dari data dan mengadaptasi diri untuk meningkatkan akurasi hasilnya.","[38] C Cavina-Pratesi, C Hesse. Why do the eyes prefer the index finger?

The Convolutional Neural Network (CNN) model is trained using the prepared dataset. CNN is a type of deep neural network that is highly effective for the analysis and processing of visual data such as images and videos.

Keywords: Ball position prediction, ZED camera, deep learning, convolutional neural network, ERSOW goalkeeper robot

Qurishee [71] presented an autonomous pavement condition evaluation employing deep learning, an unmanned aerial vehicle (UAV), and Raspberry Pi tiny computer technologies, which improves road maintenance and renovation management efficiency and cost effectiveness.

The pooling layer, which comes after the convolution layer, is meant to combine key information and lower the dimensionality of the feature map. Max pooling, which chooses the maximum value within each condensed area of the feature map, is a frequently used kind of pooling.

FIGURE 6. CNN block diagram.

This research uses the ROS system because it has the ability to integrate camera sensors with artificial intelligence methods and several other combined sensors in the robot. Fig.

This chapter discusses the results of the dataset that has been created as well as the results of the Convolutional Neural Network (CNN) testing that has been carried out. In this research, we produced a comprehensive dataset specifically designed for applications involving wheeled soccer goalkeeper robots.",NaN,0.8654451725681672,0.5726190476075953,NaN
100-sample-samples-081-085.md,Apa hubungan CNN dan machine learning?,"['FIGURE 9. CNN model training result.\n\nGambar ini menampilkan grafik hasil pelatihan model CNN (Convolutional Neural Network). Grafik ini terlihat seperti garis di atas yang menunjukkan proses pengembangan akurasi model CNN selama proses pelatihan. Pada awalnya, akurasi model cukup rendah, tetapi kemudian meningkat secara signifikan seiring dengan berjalannya waktu dan iterasi pelatihan.\n\nPada grafik tersebut terdapat beberapa titik tertentu yang menunjukkan peningkatan drastis dalam akurasi. Meskipun tidak ada angka spesifik yang dapat diidentifikasi, namun jelas bahwa model CNN telah berhasil meningkatkan akurasinya hingga mencapai nilai yang sangat tinggi.\n\nDari grafik ini kita dapat menyimpulkan bahwa proses pelatihan model CNN telah berjalan dengan efektif dan akurasi model meningkat secara signifikan. (Prediction of Ball Position Using CNN Methods With Zed Camera on Goalkeeper Robot Application, page 10)', 'The Convolutional Neural Network (CNN) model is trained using the prepared dataset. CNN is a type of deep neural network that is highly effective for the analysis and processing of visual data such as images and videos. In this context, CNN is used to predict the position of the ball based on the position data that has been collected during the training session. The training process involves adjusting the weights of the model through the backpropagation technique to minimize the prediction error. The Fig. 7 is a sequential model of the CNN architecture for ball position prediction. A sequential model is a series of layers that are processed sequentially from input to output. The given model consists of several types of layers: Conv1D, AveragePooling1D, Dropout, MaxPooling1D, Flatten, and Dense. The operation process is in equations ( 4) to (9). (Prediction of Ball Position Using CNN Methods With Zed Camera on Goalkeeper Robot Application, page 7)', ""[38] C Cavina-Pratesi, C Hesse. Why do the eyes prefer the index finger? Simultaneous recording of eye and hand movements during precision grasping. (2013-04)\n\n[39] TJ Bosch, T Hanna, KA Fercho, LA Baugh. Behavioral performance and visual strategies during skill acquisition using a novel tool use motor learning task. (2018-12)\n\n[40] W Choi. The effect of task-oriented training on upper-limb function, visual perception, and activities of daily living in acute stroke patients: A pilot study. (2022-03)\n\n[41] I Pysmennyi, R Kyslyi, A Petrenko. Edge computing in multi-scope service-oriented mobile healthcare systems. (2019-03)\n\n[42] J Lv, Q Sun, Q Li, L Moreira-Matias. Multi-scale and multiscope convolutional neural networks for destination prediction of trajectories. (2020-08)\n\n[43] AA Saputra, K Wada, S Masuda, N Kubota. Multi-scopic neuro-cognitive adaptation for legged locomotion robots. (2021-08)\n\n[44] AF Zhu, P Rahgozar, KC Chung. Advances in proximal interphalangeal joint arthroplasty. (2018-05)\n\n[45] J.-S Won, S Lee. Geometry-based finger kinematic models for joint rotation configuration and parameter estimation. (2020-07)\n\n[46] AR A Besari, AA Saputra, WH Chin, N Kubota, Kurnianingsih. Feature-based egocentric grasp pose classification for expanding humanobject interactions. (2021-06)\n\n[47] PB Shull, S Jiang, Y Zhu, X Zhu. Hand gesture recognition and finger angle estimation via wrist-worn modified barometric pressure sensing. (2019-04)\n\n[48] I Imbinto, F Montagnani, M Bacchereti, C Cipriani, A Davalli, R Sacchetti, E Gruppioni, S Castellano, M Controzzi. The S-finger: A synergetic externally powered digit with tactile sensing and feedback. (2018-06)\n\n[49] J Mazumder, LN Nahar, M Md Uddin Atique. Finger gesture detection and application using hue saturation value. (2018-08)\n\n[50] WB Dou, WH Chin, N Kubota. Hand gesture communication using deep learning based on relevance theory,'. (2020-12)\n\n[51] AR A Besari, WH Chin, N Kubota, Kurnianingsih. Ecological approach for object relationship extraction in elderly care robot. (2020-12)\n\n[52] Y Cheng. Backpropagation for fully connected cascade networks. (2017-08)\n\n[53] P Gajbhiye, N Mingchinda, W Chen, SC Mukhopadhyay, T Wilaiprasitporn, RK Tripathy. Wavelet domain optimized Savitzky-Golay filter for the removal of motion artifacts from EEG recordings. (2021)\n\n[54] R Chen, M Wang, J.-H Chang. A study of the pinch performance and subjective satisfaction with chopsticks of different lengths. (2017)\n\n[55] AR A Besari, WH Chin, N Kubota, Kurnianingsih. Ecological approach for object relationship extraction in elderly care robot. (2020-12)\n\n[56] YJ R De Kloe, IT C Hooge, C Kemner, DC Niehorster, M Nyström, RS Hessels. Replacing eye trackers in ongoing studies: A comparison of eye-tracking data quality between the Tobii pro TX300 and the tobii pro spectrum. (2022-01)\n\n[57] EP Larsen, JM Kolman, FN Masud, F Sasangohar. Ethical considerations when using a mobile eye tracker in a patient-facing area: Lessons from an intensive care unit observational protocol. (2020-11)\n\n[58] DC Niehorster, T Santini, RS Hessels, IT C Hooge, E Kasneci, M Nyström. The impact of slippage on the data quality of head-worn eye trackers. (2020-06)\n\n[59] C Chen, W Guo, C Ma, Y Yang, Z Wang, C Lin. SEMGbased continuous estimation of finger kinematics via large-scale temporal convolutional network. (2021-05)\n\n[60] C Dai, X Hu. Finger joint angle estimation based on motoneuron discharge activities. (2020-03)\n\n[61] H Eschmann, ME Héroux, JH Cheetham, S Potts, J Diong. Thumb and finger movement is reduced after stroke: An observational study. (2019-06)\n\n[62] SN Emhardt, M Wermeskerken, K Scheiter, T Gog. Inferring task performance and confidence from displays of eye movements. (2020-11)\n\n[63] X Fang, F Yu, G Yang, Y Qu. Regression analysis with differential privacy preserving. (2019)\n\n[64] H Zhu, X You, S Liu. Multiple ant colony optimization based on Pearson correlation coefficient. (2019)\n\n[65] L Ke, A Kamat, J Wang, T Bhattacharjee, C Mavrogiannis, SS Srinivasa. Telemanipulation with Chopsticks: Analyzing human factors in user demonstrations. (2022-06)\n\n[66] A Murata, T Doi, W Kageyama, Karwowski. Development of an eye-gaze input system with high speed and accuracy through target prediction based on homing eye movements. (2021)\n\n[67] B Banire, D Al-Thani, M Qaraqe, K Khowaja, B Mansoor. The effects of visual stimuli on attention in children with autism spectrum disorder: An eye-tracking study. (2020) (Finger Joint Angle Estimation With Visual Attention for Rehabilitation Support: A Case Study of the Chopsticks Manipulation Test, page 2)"", ""This research uses the ROS system because it has the ability to integrate camera sensors with artificial intelligence methods and several other combined sensors in the robot. Fig. 4 shows the basic communication system for accessing the ZED camera on the robot. Image information is acquired over time and processed in real-time.  The prediction system that has been created using the CNN algorithm tries to change the layer parameter model to get the best results in classifying the position of the predicted direction of the ball. The dataset was collected as shown in Fig. 6. The CNN design used is as in Fig. 7 and equations ( 4) to (9). Convolutional Neural Network (CNN) is a type of artificial neural network specifically designed to process two-dimensional grid-shaped data, such as images. The convolution layer, pooling layer, and fully connected layer are the three primary hierarchical layers of a CNN. The central component of a CNN is the convolution layer, where different visual elements like edges, textures, and patterns are detected by applying filters or kernels to the input. A feature map reflecting the position of a certain feature in the original image is produced by the convolution layer's filters scanning the entire input. The way that neurons in the human brain react to visual stimuli is comparable to this mechanism. (Prediction of Ball Position Using CNN Methods With Zed Camera on Goalkeeper Robot Application, page 4)"", 'FIGURE 6. CNN block diagram.\n\nGambar ini menampilkan skema blok CNN (Convolutional Neural Network). Elemen visual utama adalah beberapa lapisan konvolusi yang dihubungkan dengan satu sama lain melalui proses pemrosesan suatu gambar. Lapisan-lapisan tersebut terlihat seperti kotak-kotak persegi panjang yang berurutan, masing-masing memiliki label yang menunjukkan jenis operasi yang dilakukan: Conv2D (lapisan konvolusi), MaxPooling2D (proses downsampling dengan memilih maksimum nilai), Flatten (mengubah pola input 3 dimensi menjadi array satu dimensi).\n\nPada bagian atas skema, terdapat label ""Input"" dan ""Output"", yang menunjukkan bahwa gambar ini berfungsi untuk menerima input suatu citra dan menghasilkan output berupa hasil pengenalan atau klasifikasi. Namun, detail tentang jenis citra yang digunakan sebagai input masih tidak dapat diidentifikasi secara pasti dari gambar ini.\n\nDari skema blok CNN ini, dapat disimpulkan bahwa proses pemrosesan gambar dilakukan melalui beberapa tahap konvolusi dan downsampling dengan maksimum. Fungsi utamanya adalah untuk mengekstrak fitur-fitur penting dalam citra dan menghasilkan klasifikasi yang akurat terhadap suatu tipe objek atau kategori.\n\nPerlu diingat bahwa karena hanya ada skema blok saja, detail tentang parameter atau nilai spesifik dari setiap lapisan konvolusi tidak dapat dilihat. Oleh karena itu, interpretasi harus berfokus pada gambaran umum proses yang terjadi dalam CNN daripada detil teknis parametris. (Development of a Speech Emotion Recognition Dataset for Indonesian, page 6)', ""[37] AR A Besari, AA Saputra, WH Chin, N Kurnianingsih, Kubota. Hand-object interaction recognition based on visual attention using multiscopic cyber-physical-social system. (2023-07)\n\n[38] KD Nguyen, LA Corben, PN Pathirana, MK Horne, MB Delatycki, DJ Szmulewicz. The assessment of upper limb functionality in friedreich ataxia via self-feeding activity. (2020-04)\n\n[39] A Ganguly, G Rashidi, K Mombaur. Comparison of the performance of the leap motion controller TM with a standard marker-based motion capture system. (2021-03)\n\n[40] C Dai, X Hu. Finger joint angle estimation based on motoneuron discharge activities. (2020-03)\n\n[41] S Jegelka. Theory of graph neural networks: Representation and learning. (2022)\n\n[42] M Fey, JEric Lenssen. Fast graph representation learning with PyTorch geometric. (2019)\n\n[43] AR A Besari, WH Chin, N Kubota, Kurnianingsih. Ecological approach for object relationship extraction in elderly care robot. (2020-12)\n\n[44] HR Nasrabadi, J.-M Alonso. Modular streaming pipeline of eye/head tracking data using Tobii pro glasses 3. (2022-09)\n\n[45] C.-Y Wang, A Bochkovskiy, H.-Y. Mark Liao. Trainable bag-of-freebies sets new state-of-the-art for real-time object detectors. (2022)\n\n[46] H Fu, L Wu, M Jian, Y Yang, X Wang. MF-SORT: Simple online and realtime tracking with motion features,'' in Image Graphics. (2019)\n\n[47] F Zhang, V Bazarevsky, A Vakunov, A Tkachenka, G Sung, C.-L Chang, M Grundmann. MediaPipe hands: On-device real-time hand tracking. (2020)\n\n[48] Q Cai, J Li, J Long. Effect of physical and virtual feedback on reach-to-grasp movements in virtual environments. (2022-06)\n\n[49] S Shin, W Kim. Skeleton-based dynamic hand gesture recognition using a part-based GRU-RNN for gesture-based interface. (2020)\n\n[50] EP Larsen, JM Kolman, FN Masud, F Sasangohar. Ethical considerations when using a mobile eye tracker in a patient-facing area: Lessons from an intensive care unit observational protocol. (2020-11)\n\n[51] AR A Besari, AA Saputra, WH Chin, N Kubota, Kurnianingsih. Feature-based egocentric grasp pose classification for expanding humanobject interactions. (2021-06)\n\n[52] MK Cain, Z Zhang, K.-H Yuan. Univariate and multivariate skewness and kurtosis for measuring nonnormality: Prevalence, influence and estimation. (2017-10)\n\n[53] TJ Bosch, T Hanna, KA Fercho, LA Baugh. Behavioral performance and visual strategies during skill acquisition using a novel tool use motor learning task. (2018-09)\n\n[54] M Yani, AR A Besari, N Yamada, N Kubota. Ecological-inspired system design for safety manipulation strategy in home-care robot. (2020-09)\n\n[55] S Wang, J Zhao, C Shao, C Dong, C Yin. Truck traffic flow prediction based on LSTM and GRU methods with sampled GPS data. (2020)\n\n[56] M Kunda, ME Banani, JM Rehg. A computational exploration of problem-solving strategies and gaze behaviors on the block design task. (2016)\n\n[57] S Li, Y Li, Y Li, M Li, X Xu. YOLO-FIRI: Improved YOLOv5 for infrared image object detection. (2021)\n\n[58] NA Hashim, NA A Razak, NA A Osman. Comparison of conventional and virtual reality box and blocks tests in upper limb amputees: A case-control study. (2021)\n\n[59] J Négyesi, P Négyesi, T Hortobágyi, S Sun, J Kusuyama, RM Kiss, R Nagatomi. Handedness did not affect motor skill acquisition by the dominant hand or interlimb transfer to the non-dominant hand regardless of task complexity level. (2022-10)\n\n[60] L Wang, J Liu, J Lan. Feature evaluation of upper limb exercise rehabilitation interactive system based on kinect. (2019)\n\n[61] Takenori Obo (member, Ieee. he became an Assistant Professor with the Department of Mechanical Systems Engineering, Faculty of System Design, Tokyo Metropolitan University. He is currently with the Department of Mechanical Systems Engineering, Faculty of System Design, Tokyo Metropolitan University. He is a member of the Society of Instrument and Control Engineers, the Japan Society of Intelligent Information Fuzzy. (2014-04)\n\n[62] Negeri Semarang, Indonesia. He is currently a Professor with the Department of Mechanical Systems Engineering, Graduate School of Systems Design, Tokyo Metropolitan University, Japan. His current research interests include coevolutionary computing, fuzzy computing, topological mapping, cognitive robotics, social robotics, and informationally structured space. He has published more than 500 refereed journals and conference papers in the above research fields. He received the Best Paper Award from IEEE IECON 1996 and the Best Paper Award from IEEE CIRA 1997, amongst others. (1997) (Multiscopic CPSS for Independent Block-Design Test Based on Hand–Object Interaction Recognition With Visual Attention, page 2)"", ""This chapter discusses the results of the dataset that has been created as well as the results of the Convolutional Neural Network (CNN) testing that has been carried out. In this research, we produced a comprehensive dataset specifically designed for applications involving wheeled soccer goalkeeper robots. The dataset includes a variety of scenarios capturing different ball movements, speeds, shooting angles, and environmental conditions to ensure robustness and versatility.\n\nThe development, implementation, and compilation processes in this study were performed on a system with the specifications listed in Table 2. These specifications include various hardware components such as high-performance CPUs, GPUs, and adequate RAM, as well as software components including operating systems, deep learning frameworks, and data processing libraries. The choice of hardware and software was critical to achieve optimal performance, enabling efficient handling of complex algorithms and large volumes of data during the development, testing, and evaluation phases.\n\nUsing the right hardware ensured fast processing times and the ability to run intensive computations necessary for training deep learning models. Meanwhile, the selection of appropriate software provided the tools needed for data preprocessing, model training, and evaluation. For instance, the use of deep learning frameworks like TensorFlow facilitated the construction and training of the CNN model, while data processing libraries such as NumPy and Pandas were essential for managing and manipulating the dataset.\n\nTABLE 2. Computer specification.  The model's overall accuracy is approximately 98.02%, calculated as follows by equations ( 11) to (14).\n\nPrecision, measuring the proportion of correct ball predictions out of all ball predictions, is very high at 99.75%:\n\nRecall, or sensitivity, measuring the proportion of correctly identified balls out of all actual balls, is also high at 98.26%:\n\nThe F1 Score, the harmonic mean of precision and recall, is around 99.00%:\n\nThese metrics indicate that the model has high performance in detecting balls, although it struggles with correctly identifying the background.  TABLE 3. Comparisons results of the proposed system with related works. measures the model's performance on a separate dataset. A large gap between these two lines may indicate overfitting.\n\nAt epochs 0 to 20, training accuracy jumps significantly followed by a similar increase in validation accuracy. At epochs 21 to 40, there is a slight increase in training accuracy with a short period of decline before rising again, while validation accuracy rises significantly and then falls sharply before rising again. At epochs 41 to 60, both graphs show steady fluctuations. At epochs 61 to 80, the fluctuation pattern continued on both graphs. At the last epochs, 81 to 100, there is a significant drop in training accuracy followed immediately by a rapid rise, while validation accuracy shows a continuous up and down trend with no apparent stability. Testing was conducted to evaluate the performance of the trained model. Table 3 presents the performance report of the proposed model, a CNN-based machine learning model, in classifying test data into three categories: ''right,'' ''left,'' and ''center.'' With 180 test samples, the model achieved an overall accuracy of 70%, indicating that 70% of its predictions were correct. Table 3 shows the result of proposed method and other comparison models. From the performance evaluation results of the CNN prediction model for ball position, it was found that the model performed well for the prediction of the ''right'' and ''left'' classes, with F1-score of 0.84 and 0.76 respectively, indicating that the model was quite reliable in classifying both classes. However, the model performance for the ''center'' class showed a significant decrease, with an F1-score of only 0.39. This suggests either an imbalance in the data or a complexity in the ball movement pattern at the center that is difficult for the model to identify.\n\nThese findings show that while the CNN model is effective for most scenarios, there are areas that require improvement, especially in predicting the ''center'' class. One of the future development plans is to improve the data distribution by rebalancing the dataset so that the ''center'' class has more training examples. In addition, more complex models will be developed using other deep learning techniques, such as integration with Long Short-Term Memory (LSTM) to better capture temporal patterns in ball movement.\n\nFor the future, some other approaches that can be developed include the use of data augmentation to generate more variations of the ball position in the ''center'' class, as well as further tuning the CNN architecture to reduce the overfitting phenomenon detected in some epochs during training. The use of attention mechanisms can also be implemented to help the model focus on key features of the ball movement, so as to improve prediction accuracy, especially in the ''center'' class which tends to be less accurate. (Prediction of Ball Position Using CNN Methods With Zed Camera on Goalkeeper Robot Application, page 9)"", ""The pooling layer, which comes after the convolution layer, is meant to combine key information and lower the dimensionality of the feature map. Max pooling, which chooses the maximum value within each condensed area of the feature map, is a frequently used kind of pooling. This lessens the number of parameters that must be computed and increases the model's resistance to slight variations in the input features' locations.\n\nCNNs typically have multiple sets of successive convolution and pooling layers, which allow the network to detect increasingly complex features at each layer. Early layers may detect simple edges and lines, while deeper layers may detect more complex objects, such as specific shapes and patterns.\n\nThe final input is supplied into the fully connected layer after passing through several convolution and pooling layers. Every neuron in this layer is connected to every other neuron in the layer before it, enabling the network to compile the features that were taken out of the earlier levels and come to a conclusion. An activation function that aids in the final classification, such as ReLU (Rectified Linear Unit) or Softmax, typically follows this completely connected layer.\n\nThis study designs and implements appropriate parameter values in each layer of the CNN used. Previous researchers have created several methods for artificial intelligence that have been tried to be implemented on the ERSOW robot. These methods are Label Propagation, Extra Tree Classifier, Ridge Classifier, Linear SVC, Passive Aggressive Classifier, AdaBoost, Label Spreading, Nearest Centroid, GaussianNB, and Dummy Classifier (Prediction of Ball Position Using CNN Methods With Zed Camera on Goalkeeper Robot Application, page 5)""]","CNN (Convolutional Neural Network) adalah salah satu jenis jaringan saraf tiruan yang digunakan dalam bidang pemrosesan citra. Dalam konteks penelitian ini, CNN digunakan untuk memprediksi posisi bola menggunakan kamera Zed pada robot goalkeeper.

Machine learning adalah suatu cabang ilmu komputer yang berfokus pada pengembangan algoritma yang dapat belajar dari data dan membuat prediksi atau keputusan berdasarkan data tersebut. Dalam penelitian ini, CNN digunakan sebagai model machine learning untuk memprediksi posisi bola.

Dengan demikian, hubungan antara CNN dan machine learning adalah bahwa CNN adalah salah satu jenis algoritma yang digunakan dalam machine learning untuk pemrosesan citra dan analisis data.","FIGURE 9. CNN model training result.

The Convolutional Neural Network (CNN) model is trained using the prepared dataset. CNN is a type of deep neural network that is highly effective for the analysis and processing of visual data such as images and videos.

[38] C Cavina-Pratesi, C Hesse. Why do the eyes prefer the index finger?

This research uses the ROS system because it has the ability to integrate camera sensors with artificial intelligence methods and several other combined sensors in the robot. Fig.

FIGURE 6. CNN block diagram.

[37] AR A Besari, AA Saputra, WH Chin, N Kurnianingsih, Kubota. Hand-object interaction recognition based on visual attention using multiscopic cyber-physical-social system. (2023-07) [38] KD Nguyen, LA Corben, PN Pathirana, MK Horne, MB Delatycki, DJ Szmulewicz.

This chapter discusses the results of the dataset that has been created as well as the results of the Convolutional Neural Network (CNN) testing that has been carried out. In this research, we produced a comprehensive dataset specifically designed for applications involving wheeled soccer goalkeeper robots.

The pooling layer, which comes after the convolution layer, is meant to combine key information and lower the dimensionality of the feature map. Max pooling, which chooses the maximum value within each condensed area of the feature map, is a frequently used kind of pooling.",NaN,0.7625633283920824,0.499999999975,NaN
100-sample-samples-081-085.md,Bagaimana CNN digunakan dalam sistem AI?,"['Research on 3D sensors and stereo cameras has been widely developed, including the complexity of depth data accuracy from the ZED stereo camera [16]. This study designed and conducted an experiment in an office environment to determine camera depth error and depth estimation using four images of different distances and resolutions. The 3D detection method using the ZED 2 stereo camera is able to integrate stereo vision and artificial intelligence where the accuracy and consistency of depth are set in the camera parameters [17]. Integration of stereo cameras with Tiny-YOLO for distance measurement and object detection coordination system on the BarelangFC Robot with the concept of combining stereo vision data with object detection algorithms [18]. This system uses Tiny-YOLO for real-time object detection and is equipped with accurate distance measurements facilitated by the ZED stereo camera [17]. An innovative approach to change detection in spatial context utilizing stereo vision is presented in the study Object-Based Change Detection Algorithm with a Spatial AI Stereo Camera. This algorithm leverages detailed depth and spatial data provided by AI-enhanced stereo cameras to detect and analyze changes in the environment, proving useful for environmental monitoring and surveillance applications. Table 1 shows the relationship with previous research developments by researchers. (Prediction of Ball Position Using CNN Methods With Zed Camera on Goalkeeper Robot Application, page 2)', ""[38] C Cavina-Pratesi, C Hesse. Why do the eyes prefer the index finger? Simultaneous recording of eye and hand movements during precision grasping. (2013-04)\n\n[39] TJ Bosch, T Hanna, KA Fercho, LA Baugh. Behavioral performance and visual strategies during skill acquisition using a novel tool use motor learning task. (2018-12)\n\n[40] W Choi. The effect of task-oriented training on upper-limb function, visual perception, and activities of daily living in acute stroke patients: A pilot study. (2022-03)\n\n[41] I Pysmennyi, R Kyslyi, A Petrenko. Edge computing in multi-scope service-oriented mobile healthcare systems. (2019-03)\n\n[42] J Lv, Q Sun, Q Li, L Moreira-Matias. Multi-scale and multiscope convolutional neural networks for destination prediction of trajectories. (2020-08)\n\n[43] AA Saputra, K Wada, S Masuda, N Kubota. Multi-scopic neuro-cognitive adaptation for legged locomotion robots. (2021-08)\n\n[44] AF Zhu, P Rahgozar, KC Chung. Advances in proximal interphalangeal joint arthroplasty. (2018-05)\n\n[45] J.-S Won, S Lee. Geometry-based finger kinematic models for joint rotation configuration and parameter estimation. (2020-07)\n\n[46] AR A Besari, AA Saputra, WH Chin, N Kubota, Kurnianingsih. Feature-based egocentric grasp pose classification for expanding humanobject interactions. (2021-06)\n\n[47] PB Shull, S Jiang, Y Zhu, X Zhu. Hand gesture recognition and finger angle estimation via wrist-worn modified barometric pressure sensing. (2019-04)\n\n[48] I Imbinto, F Montagnani, M Bacchereti, C Cipriani, A Davalli, R Sacchetti, E Gruppioni, S Castellano, M Controzzi. The S-finger: A synergetic externally powered digit with tactile sensing and feedback. (2018-06)\n\n[49] J Mazumder, LN Nahar, M Md Uddin Atique. Finger gesture detection and application using hue saturation value. (2018-08)\n\n[50] WB Dou, WH Chin, N Kubota. Hand gesture communication using deep learning based on relevance theory,'. (2020-12)\n\n[51] AR A Besari, WH Chin, N Kubota, Kurnianingsih. Ecological approach for object relationship extraction in elderly care robot. (2020-12)\n\n[52] Y Cheng. Backpropagation for fully connected cascade networks. (2017-08)\n\n[53] P Gajbhiye, N Mingchinda, W Chen, SC Mukhopadhyay, T Wilaiprasitporn, RK Tripathy. Wavelet domain optimized Savitzky-Golay filter for the removal of motion artifacts from EEG recordings. (2021)\n\n[54] R Chen, M Wang, J.-H Chang. A study of the pinch performance and subjective satisfaction with chopsticks of different lengths. (2017)\n\n[55] AR A Besari, WH Chin, N Kubota, Kurnianingsih. Ecological approach for object relationship extraction in elderly care robot. (2020-12)\n\n[56] YJ R De Kloe, IT C Hooge, C Kemner, DC Niehorster, M Nyström, RS Hessels. Replacing eye trackers in ongoing studies: A comparison of eye-tracking data quality between the Tobii pro TX300 and the tobii pro spectrum. (2022-01)\n\n[57] EP Larsen, JM Kolman, FN Masud, F Sasangohar. Ethical considerations when using a mobile eye tracker in a patient-facing area: Lessons from an intensive care unit observational protocol. (2020-11)\n\n[58] DC Niehorster, T Santini, RS Hessels, IT C Hooge, E Kasneci, M Nyström. The impact of slippage on the data quality of head-worn eye trackers. (2020-06)\n\n[59] C Chen, W Guo, C Ma, Y Yang, Z Wang, C Lin. SEMGbased continuous estimation of finger kinematics via large-scale temporal convolutional network. (2021-05)\n\n[60] C Dai, X Hu. Finger joint angle estimation based on motoneuron discharge activities. (2020-03)\n\n[61] H Eschmann, ME Héroux, JH Cheetham, S Potts, J Diong. Thumb and finger movement is reduced after stroke: An observational study. (2019-06)\n\n[62] SN Emhardt, M Wermeskerken, K Scheiter, T Gog. Inferring task performance and confidence from displays of eye movements. (2020-11)\n\n[63] X Fang, F Yu, G Yang, Y Qu. Regression analysis with differential privacy preserving. (2019)\n\n[64] H Zhu, X You, S Liu. Multiple ant colony optimization based on Pearson correlation coefficient. (2019)\n\n[65] L Ke, A Kamat, J Wang, T Bhattacharjee, C Mavrogiannis, SS Srinivasa. Telemanipulation with Chopsticks: Analyzing human factors in user demonstrations. (2022-06)\n\n[66] A Murata, T Doi, W Kageyama, Karwowski. Development of an eye-gaze input system with high speed and accuracy through target prediction based on homing eye movements. (2021)\n\n[67] B Banire, D Al-Thani, M Qaraqe, K Khowaja, B Mansoor. The effects of visual stimuli on attention in children with autism spectrum disorder: An eye-tracking study. (2020) (Finger Joint Angle Estimation With Visual Attention for Rehabilitation Support: A Case Study of the Chopsticks Manipulation Test, page 2)"", ""This research uses the ROS system because it has the ability to integrate camera sensors with artificial intelligence methods and several other combined sensors in the robot. Fig. 4 shows the basic communication system for accessing the ZED camera on the robot. Image information is acquired over time and processed in real-time.  The prediction system that has been created using the CNN algorithm tries to change the layer parameter model to get the best results in classifying the position of the predicted direction of the ball. The dataset was collected as shown in Fig. 6. The CNN design used is as in Fig. 7 and equations ( 4) to (9). Convolutional Neural Network (CNN) is a type of artificial neural network specifically designed to process two-dimensional grid-shaped data, such as images. The convolution layer, pooling layer, and fully connected layer are the three primary hierarchical layers of a CNN. The central component of a CNN is the convolution layer, where different visual elements like edges, textures, and patterns are detected by applying filters or kernels to the input. A feature map reflecting the position of a certain feature in the original image is produced by the convolution layer's filters scanning the entire input. The way that neurons in the human brain react to visual stimuli is comparable to this mechanism. (Prediction of Ball Position Using CNN Methods With Zed Camera on Goalkeeper Robot Application, page 4)"", 'The Convolutional Neural Network (CNN) model is trained using the prepared dataset. CNN is a type of deep neural network that is highly effective for the analysis and processing of visual data such as images and videos. In this context, CNN is used to predict the position of the ball based on the position data that has been collected during the training session. The training process involves adjusting the weights of the model through the backpropagation technique to minimize the prediction error. The Fig. 7 is a sequential model of the CNN architecture for ball position prediction. A sequential model is a series of layers that are processed sequentially from input to output. The given model consists of several types of layers: Conv1D, AveragePooling1D, Dropout, MaxPooling1D, Flatten, and Dense. The operation process is in equations ( 4) to (9). (Prediction of Ball Position Using CNN Methods With Zed Camera on Goalkeeper Robot Application, page 7)', ""The pooling layer, which comes after the convolution layer, is meant to combine key information and lower the dimensionality of the feature map. Max pooling, which chooses the maximum value within each condensed area of the feature map, is a frequently used kind of pooling. This lessens the number of parameters that must be computed and increases the model's resistance to slight variations in the input features' locations.\n\nCNNs typically have multiple sets of successive convolution and pooling layers, which allow the network to detect increasingly complex features at each layer. Early layers may detect simple edges and lines, while deeper layers may detect more complex objects, such as specific shapes and patterns.\n\nThe final input is supplied into the fully connected layer after passing through several convolution and pooling layers. Every neuron in this layer is connected to every other neuron in the layer before it, enabling the network to compile the features that were taken out of the earlier levels and come to a conclusion. An activation function that aids in the final classification, such as ReLU (Rectified Linear Unit) or Softmax, typically follows this completely connected layer.\n\nThis study designs and implements appropriate parameter values in each layer of the CNN used. Previous researchers have created several methods for artificial intelligence that have been tried to be implemented on the ERSOW robot. These methods are Label Propagation, Extra Tree Classifier, Ridge Classifier, Linear SVC, Passive Aggressive Classifier, AdaBoost, Label Spreading, Nearest Centroid, GaussianNB, and Dummy Classifier (Prediction of Ball Position Using CNN Methods With Zed Camera on Goalkeeper Robot Application, page 5)"", 'Several studies have developed many CNN methods or convolutional neural networks for object prediction applications such as balls, humans, and others. CNN can also be used for object detection and position prediction in three-dimensional environments because of its ability to extract complex visual features from image data taken from the camera. The CNN method is able to process image data in two dimensions, such as applications for detecting the position of the ball in real-time for goalkeeper robots [4], [5], [25]. The CNN method is also used for several mobile robot-vision applications [26], [27] such as service robots or collaboration of several industrial robots [28], [29]. This research aims to build a combination of ZED camera devices with CNN methods that have been used in previous research to detect and predict the position of the ball in the goal area. This model scenario is to be able to reach all lighting conditions with a camera that has artificial intelligence features. The CNN model as an intelligence feature is added so that the system can predict the position of the ball with a ZED camera that has features that can overcome changes in light intensity levels. (Prediction of Ball Position Using CNN Methods With Zed Camera on Goalkeeper Robot Application, page 1)', 'FIGURE 6. CNN block diagram.\n\nGambar ini menampilkan skema blok CNN (Convolutional Neural Network). Elemen visual utama adalah beberapa lapisan konvolusi yang dihubungkan dengan satu sama lain melalui proses pemrosesan suatu gambar. Lapisan-lapisan tersebut terlihat seperti kotak-kotak persegi panjang yang berurutan, masing-masing memiliki label yang menunjukkan jenis operasi yang dilakukan: Conv2D (lapisan konvolusi), MaxPooling2D (proses downsampling dengan memilih maksimum nilai), Flatten (mengubah pola input 3 dimensi menjadi array satu dimensi).\n\nPada bagian atas skema, terdapat label ""Input"" dan ""Output"", yang menunjukkan bahwa gambar ini berfungsi untuk menerima input suatu citra dan menghasilkan output berupa hasil pengenalan atau klasifikasi. Namun, detail tentang jenis citra yang digunakan sebagai input masih tidak dapat diidentifikasi secara pasti dari gambar ini.\n\nDari skema blok CNN ini, dapat disimpulkan bahwa proses pemrosesan gambar dilakukan melalui beberapa tahap konvolusi dan downsampling dengan maksimum. Fungsi utamanya adalah untuk mengekstrak fitur-fitur penting dalam citra dan menghasilkan klasifikasi yang akurat terhadap suatu tipe objek atau kategori.\n\nPerlu diingat bahwa karena hanya ada skema blok saja, detail tentang parameter atau nilai spesifik dari setiap lapisan konvolusi tidak dapat dilihat. Oleh karena itu, interpretasi harus berfokus pada gambaran umum proses yang terjadi dalam CNN daripada detil teknis parametris. (Development of a Speech Emotion Recognition Dataset for Indonesian, page 6)', 'Keywords: Ball position prediction, ZED camera, deep learning, convolutional neural network, ERSOW goalkeeper robot (Prediction of Ball Position Using CNN Methods With Zed Camera on Goalkeeper Robot Application, page 1)']","CNN (Convolutional Neural Network) digunakan sebagai alat pemrosesan gambar untuk mengekstrak fitur-fitur penting dalam citra. Prosesnya dilakukan melalui beberapa tahap konvolusi dan downsampling dengan maksimum, yang diakhiri dengan proses klasifikasi untuk menghasilkan hasil pengenalan atau klasifikasi yang akurat terhadap suatu tipe objek atau kategori.

CNN digunakan sebagai komponen utama dalam sistem AI karena kemampuannya untuk mengekstrak fitur-fitur kompleks dari data visual, seperti gambar dan video. CNN dapat digunakan untuk berbagai aplikasi, termasuk deteksi posisi bola di lapangan sepak bola menggunakan kamera ZED.

Dalam konteks sistem AI, CNN bekerja sebagai lapisan pemrosesan suatu citra yang menerima input dari kamera dan menghasilkan output berupa hasil pengenalan atau klasifikasi. CNN dapat digunakan untuk menyelesaikan tugas-tugas seperti deteksi objek, pengenalan wajah, dan analisis citra medis.

Dengan demikian, CNN merupakan alat penting dalam sistem AI yang memungkinkan perangkat lunak untuk menerima input visual dan menghasilkan output yang relevan dengan informasi yang terkandung di dalamnya.","Research on 3D sensors and stereo cameras has been widely developed, including the complexity of depth data accuracy from the ZED stereo camera [16]. This study designed and conducted an experiment in an office environment to determine camera depth error and depth estimation using four images of different distances and resolutions.

[38] C Cavina-Pratesi, C Hesse. Why do the eyes prefer the index finger?

This research uses the ROS system because it has the ability to integrate camera sensors with artificial intelligence methods and several other combined sensors in the robot. Fig.

The Convolutional Neural Network (CNN) model is trained using the prepared dataset. CNN is a type of deep neural network that is highly effective for the analysis and processing of visual data such as images and videos.

The pooling layer, which comes after the convolution layer, is meant to combine key information and lower the dimensionality of the feature map. Max pooling, which chooses the maximum value within each condensed area of the feature map, is a frequently used kind of pooling.

Several studies have developed many CNN methods or convolutional neural networks for object prediction applications such as balls, humans, and others. CNN can also be used for object detection and position prediction in three-dimensional environments because of its ability to extract complex visual features from image data taken from the camera.

FIGURE 6. CNN block diagram.

Keywords: Ball position prediction, ZED camera, deep learning, convolutional neural network, ERSOW goalkeeper robot",NaN,0.7999344218769009,0.7579365079238757,NaN
100-sample-samples-081-085.md,Bagaimana software metrics dapat digunakan untuk mengevaluasi model CNN?,"[""[38] C Cavina-Pratesi, C Hesse. Why do the eyes prefer the index finger? Simultaneous recording of eye and hand movements during precision grasping. (2013-04)\n\n[39] TJ Bosch, T Hanna, KA Fercho, LA Baugh. Behavioral performance and visual strategies during skill acquisition using a novel tool use motor learning task. (2018-12)\n\n[40] W Choi. The effect of task-oriented training on upper-limb function, visual perception, and activities of daily living in acute stroke patients: A pilot study. (2022-03)\n\n[41] I Pysmennyi, R Kyslyi, A Petrenko. Edge computing in multi-scope service-oriented mobile healthcare systems. (2019-03)\n\n[42] J Lv, Q Sun, Q Li, L Moreira-Matias. Multi-scale and multiscope convolutional neural networks for destination prediction of trajectories. (2020-08)\n\n[43] AA Saputra, K Wada, S Masuda, N Kubota. Multi-scopic neuro-cognitive adaptation for legged locomotion robots. (2021-08)\n\n[44] AF Zhu, P Rahgozar, KC Chung. Advances in proximal interphalangeal joint arthroplasty. (2018-05)\n\n[45] J.-S Won, S Lee. Geometry-based finger kinematic models for joint rotation configuration and parameter estimation. (2020-07)\n\n[46] AR A Besari, AA Saputra, WH Chin, N Kubota, Kurnianingsih. Feature-based egocentric grasp pose classification for expanding humanobject interactions. (2021-06)\n\n[47] PB Shull, S Jiang, Y Zhu, X Zhu. Hand gesture recognition and finger angle estimation via wrist-worn modified barometric pressure sensing. (2019-04)\n\n[48] I Imbinto, F Montagnani, M Bacchereti, C Cipriani, A Davalli, R Sacchetti, E Gruppioni, S Castellano, M Controzzi. The S-finger: A synergetic externally powered digit with tactile sensing and feedback. (2018-06)\n\n[49] J Mazumder, LN Nahar, M Md Uddin Atique. Finger gesture detection and application using hue saturation value. (2018-08)\n\n[50] WB Dou, WH Chin, N Kubota. Hand gesture communication using deep learning based on relevance theory,'. (2020-12)\n\n[51] AR A Besari, WH Chin, N Kubota, Kurnianingsih. Ecological approach for object relationship extraction in elderly care robot. (2020-12)\n\n[52] Y Cheng. Backpropagation for fully connected cascade networks. (2017-08)\n\n[53] P Gajbhiye, N Mingchinda, W Chen, SC Mukhopadhyay, T Wilaiprasitporn, RK Tripathy. Wavelet domain optimized Savitzky-Golay filter for the removal of motion artifacts from EEG recordings. (2021)\n\n[54] R Chen, M Wang, J.-H Chang. A study of the pinch performance and subjective satisfaction with chopsticks of different lengths. (2017)\n\n[55] AR A Besari, WH Chin, N Kubota, Kurnianingsih. Ecological approach for object relationship extraction in elderly care robot. (2020-12)\n\n[56] YJ R De Kloe, IT C Hooge, C Kemner, DC Niehorster, M Nyström, RS Hessels. Replacing eye trackers in ongoing studies: A comparison of eye-tracking data quality between the Tobii pro TX300 and the tobii pro spectrum. (2022-01)\n\n[57] EP Larsen, JM Kolman, FN Masud, F Sasangohar. Ethical considerations when using a mobile eye tracker in a patient-facing area: Lessons from an intensive care unit observational protocol. (2020-11)\n\n[58] DC Niehorster, T Santini, RS Hessels, IT C Hooge, E Kasneci, M Nyström. The impact of slippage on the data quality of head-worn eye trackers. (2020-06)\n\n[59] C Chen, W Guo, C Ma, Y Yang, Z Wang, C Lin. SEMGbased continuous estimation of finger kinematics via large-scale temporal convolutional network. (2021-05)\n\n[60] C Dai, X Hu. Finger joint angle estimation based on motoneuron discharge activities. (2020-03)\n\n[61] H Eschmann, ME Héroux, JH Cheetham, S Potts, J Diong. Thumb and finger movement is reduced after stroke: An observational study. (2019-06)\n\n[62] SN Emhardt, M Wermeskerken, K Scheiter, T Gog. Inferring task performance and confidence from displays of eye movements. (2020-11)\n\n[63] X Fang, F Yu, G Yang, Y Qu. Regression analysis with differential privacy preserving. (2019)\n\n[64] H Zhu, X You, S Liu. Multiple ant colony optimization based on Pearson correlation coefficient. (2019)\n\n[65] L Ke, A Kamat, J Wang, T Bhattacharjee, C Mavrogiannis, SS Srinivasa. Telemanipulation with Chopsticks: Analyzing human factors in user demonstrations. (2022-06)\n\n[66] A Murata, T Doi, W Kageyama, Karwowski. Development of an eye-gaze input system with high speed and accuracy through target prediction based on homing eye movements. (2021)\n\n[67] B Banire, D Al-Thani, M Qaraqe, K Khowaja, B Mansoor. The effects of visual stimuli on attention in children with autism spectrum disorder: An eye-tracking study. (2020) (Finger Joint Angle Estimation With Visual Attention for Rehabilitation Support: A Case Study of the Chopsticks Manipulation Test, page 2)"", 'According to Colakoglu et al. [58], class-level metrics that have been mostly used in SFP studies are CK metrics (WMC, RFC, LCOM, CBO, DIT, NOC), MC (Method/Message Complexity), CWC (Coupling Weight for a Class), AC (Attribute Complexity), CLC (Class Complexity), AMCC (Average Method Complexity per Class), ACC (Average Class Complexity), ACF (Average Coupling Factor) and AAC (Average Attributes Per Class). However, these software metrics can only be applied in particular application domains. For instance, although Rathore and Kumar [8] suggested that object-oriented metrics, particular CK metrics, are good predictors of fault severity in software project, in [59], Bansal argued that the DIT and LCOM metrics are unsuitable to measure quality and complexity for object-oriented design; whilst NOC cannot be used at all for fault-proneness prediction. As a result, when conducting SFP studies, there is always a need to select the best combination of metrics for each different application domain for the given application context. (Error-Type—A Novel Set of Software Metrics for Software Fault Prediction, page 1)', 'Qurishee [71] presented an autonomous pavement condition evaluation employing deep learning, an unmanned aerial vehicle (UAV), and Raspberry Pi tiny computer technologies, which improves road maintenance and renovation management efficiency and cost effectiveness. A lowcost Raspberry Pi smart defect-detecting camera was set up with the trained SSD MobileNet v1, which can be deployed with a UAV for real-time and remote pavement condition inspection. According to preliminary data, the smart pavement detector camera achieves 60% accuracy at 1.2 frames per second on the Raspberry Pi and 96% accuracy at 13.8 frames per second on a CPU-based computer. Hassan et al. [72] employs CNN models that are improved tiny YOLO V3 on UAVs and achieves good results, with precision, sensitivity, and F1 score values better than 85%, but without considering FPS. Sathvik et al. [39] introduce\n\nTABLE 1. Comparison of object detection models deployed on edge device.\n\npothole detection, an edge computing framework that runs efficient deep neural networks, lowering the latency of earlier techniques. Using transfer learning-based models, an F1 score of 0.64. The YOLO V7 model had an F1 score of 0.51, which improved proportionally (the higher the F1 score, the more efficient the training model) as the number of epochs increased. The YOLO V7 runs on a CPU-based computer, however it does not consider run on edge devices.\n\nSeveral studies using CNN models deployed on NVIDIA Jetson Nano devices include the SSD-MobileNet model with a batch size of 64 and mAP of 0.22 [48], the MobileNet V2 model, and the SSD Resnet50V1 model [34], [35]. The MobileNet V2 model using hyperparameter settings has a higher mAP of 0.0869 and average recall 0.241 than the SSD Resnet50V1. Yebes et al. [40] created a massive dataset of images with pothole annotations and road scenes from many cities across the world, captured with various cameras, vehicles, and viewpoints under varying environmental circumstances. Their fine-tuned Faster R-CNN Inception v2, Faster R-CNN Resnet101, and Faster R-CNN Inception-Resnet v2 models reached precision 75%, and their CNN model deployed the pothole detector on the Nvidia DrivePX2 platform running at 5-6 frames per second. Based on the findings of this investigation, CNN models were included in the hardware, as indicated in Table 1, although further research is needed to improve system performance (mAP, AR, F1 score) and speed up inference time. Based on previous studies on road damage, several researchers have utilized the CNN model by optimizing its network structure. Specifically, the YOLO model automates the network structure through the introduction of a new module. However, few YOLOv3 models incorporate hyperparameter optimization, with only one study utilizing the Bayesian method. (iYOLOV7-TPE-SS: Leveraging Improved YOLO Model With Multilevel Hyperparameter Optimization for Road Damage Detection on Edge Devices, page 1)', 'FIGURE 9. CNN model training result.\n\nGambar ini menampilkan grafik hasil pelatihan model CNN (Convolutional Neural Network). Grafik ini terlihat seperti garis di atas yang menunjukkan proses pengembangan akurasi model CNN selama proses pelatihan. Pada awalnya, akurasi model cukup rendah, tetapi kemudian meningkat secara signifikan seiring dengan berjalannya waktu dan iterasi pelatihan.\n\nPada grafik tersebut terdapat beberapa titik tertentu yang menunjukkan peningkatan drastis dalam akurasi. Meskipun tidak ada angka spesifik yang dapat diidentifikasi, namun jelas bahwa model CNN telah berhasil meningkatkan akurasinya hingga mencapai nilai yang sangat tinggi.\n\nDari grafik ini kita dapat menyimpulkan bahwa proses pelatihan model CNN telah berjalan dengan efektif dan akurasi model meningkat secara signifikan. (Prediction of Ball Position Using CNN Methods With Zed Camera on Goalkeeper Robot Application, page 10)', 'TABLE 1. The proposed system with related works.\n\nTabel ini menjelaskan sistem yang diusulkan bersama dengan karya terkait dalam penelitian ""Penginderaan Bola Menggunakan Metode CNN Dengan Kamera Zed pada Aplikasi Robot Penjaga Gawang"". Tabel ini berisi 39 baris dan 9 kolom, tetapi hanya memuat informasi singkat tentang beberapa studi terkait.\n\nVariabel/kolom utama adalah:\n\n* Judul penelitian yang berkaitan dengan metode CNN dan kamera Zed.\n* Karya-karya yang relevan yang dikemukakan sebagai referensi.\n* Deskripsi singkat tentang aplikasi robot penjaga gawang dan penggunaan metode CNN.\n\nNilai atau pola penting dari tabel ini adalah:\n\n* Penggunaan metode CNN untuk mendeteksi posisi bola dalam lingkungan tiga dimensi, yang merupakan kemampuan utama dari metode tersebut.\n* Aplikasi robot penjaga gawang sebagai salah satu penggunaan metode CNN.\n\nInsight singkat yang bisa dibaca manusia adalah bahwa penelitian ini berusaha mengembangkan sistem kombinasi antara kamera Zed dan metode CNN untuk mendeteksi posisi bola dengan akurasi tinggi, serta memahami pergerakan bola dalam lingkungan yang beragam. (Prediction of Ball Position Using CNN Methods With Zed Camera on Goalkeeper Robot Application, page 3)', 'TABLE 6. Experimental results.\n\nPenelitian ini menunjukkan bahwa metrik software baru yang disebut Error-Type dapat digunakan untuk memprediksi kegagalan sistem dengan lebih akurat. Dalam eksperimen ini, empat model belajar mesin (machine learning) dipadankan menggunakan dataset SoftWare Metrics dan Full Dataset.\n\nDari hasil eksperimen, ditemukan bahwa ketika feature selection tidak diaplikasikan, performance model belajar mesin berkurang karena masalah multi-kolinieritas yang menyebabkan pengaruh negatif terhadap hasil akhir. Namun, setelah feature selection diterapkan, masalah ini dapat dihilangkan, sehingga penggunaan metrik ESM yang baru memberikan informasi lebih bermanfaat kepada model belajar mesin.\n\nDengan demikian, penelitian ini berhasil menunjukkan bahwa penggunaan Error-Type sebagai metrik software baru dapat meningkatkan keakuratan prediksi kegagalan sistem dan meningkatkan performa model belajar mesin. (Error-Type—A Novel Set of Software Metrics for Software Fault Prediction, page 9)', ""This chapter discusses the results of the dataset that has been created as well as the results of the Convolutional Neural Network (CNN) testing that has been carried out. In this research, we produced a comprehensive dataset specifically designed for applications involving wheeled soccer goalkeeper robots. The dataset includes a variety of scenarios capturing different ball movements, speeds, shooting angles, and environmental conditions to ensure robustness and versatility.\n\nThe development, implementation, and compilation processes in this study were performed on a system with the specifications listed in Table 2. These specifications include various hardware components such as high-performance CPUs, GPUs, and adequate RAM, as well as software components including operating systems, deep learning frameworks, and data processing libraries. The choice of hardware and software was critical to achieve optimal performance, enabling efficient handling of complex algorithms and large volumes of data during the development, testing, and evaluation phases.\n\nUsing the right hardware ensured fast processing times and the ability to run intensive computations necessary for training deep learning models. Meanwhile, the selection of appropriate software provided the tools needed for data preprocessing, model training, and evaluation. For instance, the use of deep learning frameworks like TensorFlow facilitated the construction and training of the CNN model, while data processing libraries such as NumPy and Pandas were essential for managing and manipulating the dataset.\n\nTABLE 2. Computer specification.  The model's overall accuracy is approximately 98.02%, calculated as follows by equations ( 11) to (14).\n\nPrecision, measuring the proportion of correct ball predictions out of all ball predictions, is very high at 99.75%:\n\nRecall, or sensitivity, measuring the proportion of correctly identified balls out of all actual balls, is also high at 98.26%:\n\nThe F1 Score, the harmonic mean of precision and recall, is around 99.00%:\n\nThese metrics indicate that the model has high performance in detecting balls, although it struggles with correctly identifying the background.  TABLE 3. Comparisons results of the proposed system with related works. measures the model's performance on a separate dataset. A large gap between these two lines may indicate overfitting.\n\nAt epochs 0 to 20, training accuracy jumps significantly followed by a similar increase in validation accuracy. At epochs 21 to 40, there is a slight increase in training accuracy with a short period of decline before rising again, while validation accuracy rises significantly and then falls sharply before rising again. At epochs 41 to 60, both graphs show steady fluctuations. At epochs 61 to 80, the fluctuation pattern continued on both graphs. At the last epochs, 81 to 100, there is a significant drop in training accuracy followed immediately by a rapid rise, while validation accuracy shows a continuous up and down trend with no apparent stability. Testing was conducted to evaluate the performance of the trained model. Table 3 presents the performance report of the proposed model, a CNN-based machine learning model, in classifying test data into three categories: ''right,'' ''left,'' and ''center.'' With 180 test samples, the model achieved an overall accuracy of 70%, indicating that 70% of its predictions were correct. Table 3 shows the result of proposed method and other comparison models. From the performance evaluation results of the CNN prediction model for ball position, it was found that the model performed well for the prediction of the ''right'' and ''left'' classes, with F1-score of 0.84 and 0.76 respectively, indicating that the model was quite reliable in classifying both classes. However, the model performance for the ''center'' class showed a significant decrease, with an F1-score of only 0.39. This suggests either an imbalance in the data or a complexity in the ball movement pattern at the center that is difficult for the model to identify.\n\nThese findings show that while the CNN model is effective for most scenarios, there are areas that require improvement, especially in predicting the ''center'' class. One of the future development plans is to improve the data distribution by rebalancing the dataset so that the ''center'' class has more training examples. In addition, more complex models will be developed using other deep learning techniques, such as integration with Long Short-Term Memory (LSTM) to better capture temporal patterns in ball movement.\n\nFor the future, some other approaches that can be developed include the use of data augmentation to generate more variations of the ball position in the ''center'' class, as well as further tuning the CNN architecture to reduce the overfitting phenomenon detected in some epochs during training. The use of attention mechanisms can also be implemented to help the model focus on key features of the ball movement, so as to improve prediction accuracy, especially in the ''center'' class which tends to be less accurate. (Prediction of Ball Position Using CNN Methods With Zed Camera on Goalkeeper Robot Application, page 9)"", 'In this study, software metrics have been imported from the BugHunter Dataset and re-validated using Metric-sReloaded [49], which is a tool for obtaining/measuring software metrics from source codes. The software metrics we used in this study are at the class level and can be found in Table 2.\n\nThe reasons we employed the BugHunter Dataset are (1) the software metrics were collected from large industrial projects which are still actively maintained; (2) the source codes of the projects are publicly available via GitHub [50] for us to verify the correctness of the collected software metrics and extract the ESM values; and (3) the BugHunter Dataset collects software metrics based on before-fix and after-fix snapshots of the source code elements that were affected by bugs whilst leaving the source code elements that were not affected by bugs untouched. This approach is useful to capture the changes in software metrics when a bug is being fixed. The empirical evaluations showed that the dataset can be used for further investigations such as bug prediction. (Error-Type—A Novel Set of Software Metrics for Software Fault Prediction, page 5)']","Menurut konteks yang disediakan, software metrics dapat digunakan untuk mengevaluasi model CNN dalam beberapa cara:

1. **Penggunaan metrik ESM (Error-Type Software Metrics)**: Metrik ini dapat digunakan untuk memprediksi kegagalan sistem dengan lebih akurat. Dalam eksperimen yang dilakukan, ditemukan bahwa penggunaan metrik ESM baru memberikan informasi lebih bermanfaat kepada model belajar mesin dan meningkatkan performa model.
2. **Penggunaan data processing libraries**: Data processing libraries seperti NumPy dan Pandas dapat digunakan untuk mengelola dan memanipulasi dataset yang digunakan dalam pelatihan model CNN.
3. **Penggunaan deep learning frameworks**: Deep learning frameworks seperti TensorFlow dapat digunakan untuk membangun dan melatih model CNN.

Dengan demikian, software metrics dapat membantu meningkatkan performa model CNN dan memberikan informasi lebih bermanfaat dalam proses pelatihan dan evaluasi model.","[38] C Cavina-Pratesi, C Hesse. Why do the eyes prefer the index finger?

According to Colakoglu et al. [58], class-level metrics that have been mostly used in SFP studies are CK metrics (WMC, RFC, LCOM, CBO, DIT, NOC), MC (Method/Message Complexity), CWC (Coupling Weight for a Class), AC (Attribute Complexity), CLC (Class Complexity), AMCC (Average Method Complexity per Class), ACC (Average Class Complexity), ACF (Average Coupling Factor) and AAC (Average Attributes Per Class).

Qurishee [71] presented an autonomous pavement condition evaluation employing deep learning, an unmanned aerial vehicle (UAV), and Raspberry Pi tiny computer technologies, which improves road maintenance and renovation management efficiency and cost effectiveness.

FIGURE 9. CNN model training result.

The proposed system with related works. Tabel ini menjelaskan sistem yang diusulkan bersama dengan karya terkait dalam penelitian ""Penginderaan Bola Menggunakan Metode CNN Dengan Kamera Zed pada Aplikasi Robot Penjaga Gawang"".

TABLE 6. Experimental results.

This chapter discusses the results of the dataset that has been created as well as the results of the Convolutional Neural Network (CNN) testing that has been carried out. In this research, we produced a comprehensive dataset specifically designed for applications involving wheeled soccer goalkeeper robots.

In this study, software metrics have been imported from the BugHunter Dataset and re-validated using Metric-sReloaded [49], which is a tool for obtaining/measuring software metrics from source codes. The software metrics we used in this study are at the class level and can be found in Table 2.",NaN,1.0000000000000002,0.16666666665,NaN
100-sample-samples-081-085.md,Bagaimana software engineering membantu pengembangan sistem berbasis CNN?,"[""[38] C Cavina-Pratesi, C Hesse. Why do the eyes prefer the index finger? Simultaneous recording of eye and hand movements during precision grasping. (2013-04)\n\n[39] TJ Bosch, T Hanna, KA Fercho, LA Baugh. Behavioral performance and visual strategies during skill acquisition using a novel tool use motor learning task. (2018-12)\n\n[40] W Choi. The effect of task-oriented training on upper-limb function, visual perception, and activities of daily living in acute stroke patients: A pilot study. (2022-03)\n\n[41] I Pysmennyi, R Kyslyi, A Petrenko. Edge computing in multi-scope service-oriented mobile healthcare systems. (2019-03)\n\n[42] J Lv, Q Sun, Q Li, L Moreira-Matias. Multi-scale and multiscope convolutional neural networks for destination prediction of trajectories. (2020-08)\n\n[43] AA Saputra, K Wada, S Masuda, N Kubota. Multi-scopic neuro-cognitive adaptation for legged locomotion robots. (2021-08)\n\n[44] AF Zhu, P Rahgozar, KC Chung. Advances in proximal interphalangeal joint arthroplasty. (2018-05)\n\n[45] J.-S Won, S Lee. Geometry-based finger kinematic models for joint rotation configuration and parameter estimation. (2020-07)\n\n[46] AR A Besari, AA Saputra, WH Chin, N Kubota, Kurnianingsih. Feature-based egocentric grasp pose classification for expanding humanobject interactions. (2021-06)\n\n[47] PB Shull, S Jiang, Y Zhu, X Zhu. Hand gesture recognition and finger angle estimation via wrist-worn modified barometric pressure sensing. (2019-04)\n\n[48] I Imbinto, F Montagnani, M Bacchereti, C Cipriani, A Davalli, R Sacchetti, E Gruppioni, S Castellano, M Controzzi. The S-finger: A synergetic externally powered digit with tactile sensing and feedback. (2018-06)\n\n[49] J Mazumder, LN Nahar, M Md Uddin Atique. Finger gesture detection and application using hue saturation value. (2018-08)\n\n[50] WB Dou, WH Chin, N Kubota. Hand gesture communication using deep learning based on relevance theory,'. (2020-12)\n\n[51] AR A Besari, WH Chin, N Kubota, Kurnianingsih. Ecological approach for object relationship extraction in elderly care robot. (2020-12)\n\n[52] Y Cheng. Backpropagation for fully connected cascade networks. (2017-08)\n\n[53] P Gajbhiye, N Mingchinda, W Chen, SC Mukhopadhyay, T Wilaiprasitporn, RK Tripathy. Wavelet domain optimized Savitzky-Golay filter for the removal of motion artifacts from EEG recordings. (2021)\n\n[54] R Chen, M Wang, J.-H Chang. A study of the pinch performance and subjective satisfaction with chopsticks of different lengths. (2017)\n\n[55] AR A Besari, WH Chin, N Kubota, Kurnianingsih. Ecological approach for object relationship extraction in elderly care robot. (2020-12)\n\n[56] YJ R De Kloe, IT C Hooge, C Kemner, DC Niehorster, M Nyström, RS Hessels. Replacing eye trackers in ongoing studies: A comparison of eye-tracking data quality between the Tobii pro TX300 and the tobii pro spectrum. (2022-01)\n\n[57] EP Larsen, JM Kolman, FN Masud, F Sasangohar. Ethical considerations when using a mobile eye tracker in a patient-facing area: Lessons from an intensive care unit observational protocol. (2020-11)\n\n[58] DC Niehorster, T Santini, RS Hessels, IT C Hooge, E Kasneci, M Nyström. The impact of slippage on the data quality of head-worn eye trackers. (2020-06)\n\n[59] C Chen, W Guo, C Ma, Y Yang, Z Wang, C Lin. SEMGbased continuous estimation of finger kinematics via large-scale temporal convolutional network. (2021-05)\n\n[60] C Dai, X Hu. Finger joint angle estimation based on motoneuron discharge activities. (2020-03)\n\n[61] H Eschmann, ME Héroux, JH Cheetham, S Potts, J Diong. Thumb and finger movement is reduced after stroke: An observational study. (2019-06)\n\n[62] SN Emhardt, M Wermeskerken, K Scheiter, T Gog. Inferring task performance and confidence from displays of eye movements. (2020-11)\n\n[63] X Fang, F Yu, G Yang, Y Qu. Regression analysis with differential privacy preserving. (2019)\n\n[64] H Zhu, X You, S Liu. Multiple ant colony optimization based on Pearson correlation coefficient. (2019)\n\n[65] L Ke, A Kamat, J Wang, T Bhattacharjee, C Mavrogiannis, SS Srinivasa. Telemanipulation with Chopsticks: Analyzing human factors in user demonstrations. (2022-06)\n\n[66] A Murata, T Doi, W Kageyama, Karwowski. Development of an eye-gaze input system with high speed and accuracy through target prediction based on homing eye movements. (2021)\n\n[67] B Banire, D Al-Thani, M Qaraqe, K Khowaja, B Mansoor. The effects of visual stimuli on attention in children with autism spectrum disorder: An eye-tracking study. (2020) (Finger Joint Angle Estimation With Visual Attention for Rehabilitation Support: A Case Study of the Chopsticks Manipulation Test, page 2)"", 'The road damage detection research makes use of laser sensors to rebuild 3D road damage as well as stereo vision technologies. Several sensors are required for the stereo vision system, including two cameras, an LED, a laser, and LiDAR. The laser sensor has a small beamwidth; thus, it cannot detect road damage in the form of a large hole, necessitating the use of an array of LEDs, lasers, LiDARs, and other sensors [18], [49]. Reconstructing the pothole takes time, whether using an LED array, laser, or LiDAR. Furthermore, 3D road defect reconstruction and stereo vision require well-lit lighting and slow vehicle speeds [17], [18], [50].\n\nFurther research used image-processing techniques. Potholes are a form of road irregularity that can be recognized with traditional image processing techniques. To achieve high accuracy, this technique takes numerous steps, including manual image feature extraction and image processing parameter adjustments. As a result, the image frame rate varies depending on traffic circumstances [21]. Some research that investigated road conditions, pavement conditions, potholes, cracks, smart phone sensors, and accelerometers used machine learning techniques such as support vector machines, neural networks, multilayer perceptron, and decision trees [16]. Furthermore, research is being conducted to detect pavement damage using ML algorithms such as support vector machines, artificial neural networks, and random forests [51]. To improve accuracy, ML models require significant computer resources during data processing, which also includes manual feature analysis.\n\nSeveral studies used deep convolutional neural network (CNN) techniques to automate the simultaneous feature extraction and categorization of objects [41], [52]. This is challenging to incorporate into real-time road defect detection systems. The deployment of CNN models for road damage detection on devices requires a balance between high accuracy and high efficiency [53]. The use of CNN models for road damage detection on devices requires achieving a balance between high accuracy and high efficiency. The use of CNN models for road damage detection on devices necessitates striking a balance between high accuracy and high efficiency. The parameter system performance deployment model CNN on devices performs well in terms of precision, recall, F1-score, and as well as efficiency of time inference.\n\nThe CNN models perform exceptionally well in terms of high accuracy, precision, recall, and low loss. This requires CNN models with large architecture and competitive computing costs that are inefficient. To do this while maintaining high accuracy, a simplified CNN model configuration setting is required to achieve good CNN model system performance. High efficiency, which is the CNN model system performance, enables it to detect road faults on edge devices with a short inference time. Because the CNN model on edge devices have limited storage capacity, inference time must be considered. Taking this into account, the CNN model offers good system performance and a short inference time for simpler model configurations, but high accuracy is difficult to achieve. To obtain optimal system performance, the CNN model parameters must be properly chosen. When selecting a detection model, there is no definitive answer as to which model has the best performance [31], [53].\n\nImproving system performance in computer vision, object recognition, and classification using CNN models can be achieved through various methods. These include modifying or adding components to the CNN model structure and optimizing hyperparameter selection during CNN model training. The strategy of enhancing the CNN structure aims to improve feature extraction efficiency and model accuracy by modifying or incorporating new components into the CNN architecture. Several studies have focused on enhancing CNN models by modifying or adding components to the existing CNN structure [54], [55], [56], [57], [58], [59]. DenseNet was integrated into the YOLOv4 backbone to optimize feature transfer and reuse. This involved several modifications, such as adjusting the Path Aggregation Network (PANet) [54], introducing New Residual Blocks, applying Spatial Pyramid Pooling (SPP), modifying the PANet, and utilizing Hard-Swish activation functions [59]. Similarly, researchers have integrated DenseNet blocks into the YOLOv5 backbone to enhance the preservation and reuse of critical feature information. This was achieved by incorporating a Convolutional Block Attention Module (CBAM) [56]. Another study introduced a novel framework called Multiple Graph Learning Neural Networks (MGLNN) for semi-supervised learning on graph-based data [55]. Additionally, modifications were made to the YOLO model using the CSPDarknet53 backbone structure, which included Residual Blocks, DenseNet, Spatial Pyramid Pooling (SPP), and the Path Aggregation Network (PANet) [57]. (iYOLOV7-TPE-SS: Leveraging Improved YOLO Model With Multilevel Hyperparameter Optimization for Road Damage Detection on Edge Devices, page 2)', 'Typically machine learning focus on design and development of algorithms with techniques. That extricate rules, and patterns from massive databases. Neural Networks (NN) are previously being utilized within the software to create reliability growth models for the prediction of total modification or reusability metrics. The NN model is trained to do again a stipulated series of exact instances classification, as an alternative to creating formulas or rules. Mahajan et. al [38] mentioned that machine learning methods are beneficial to determine software faults as complete processing is performed by the computer. (Efficacy of Inheritance Aspect in Software Fault Prediction—A Survey Paper, page 1)', 'The Convolutional Neural Network (CNN) model is trained using the prepared dataset. CNN is a type of deep neural network that is highly effective for the analysis and processing of visual data such as images and videos. In this context, CNN is used to predict the position of the ball based on the position data that has been collected during the training session. The training process involves adjusting the weights of the model through the backpropagation technique to minimize the prediction error. The Fig. 7 is a sequential model of the CNN architecture for ball position prediction. A sequential model is a series of layers that are processed sequentially from input to output. The given model consists of several types of layers: Conv1D, AveragePooling1D, Dropout, MaxPooling1D, Flatten, and Dense. The operation process is in equations ( 4) to (9). (Prediction of Ball Position Using CNN Methods With Zed Camera on Goalkeeper Robot Application, page 7)', 'Qurishee [71] presented an autonomous pavement condition evaluation employing deep learning, an unmanned aerial vehicle (UAV), and Raspberry Pi tiny computer technologies, which improves road maintenance and renovation management efficiency and cost effectiveness. A lowcost Raspberry Pi smart defect-detecting camera was set up with the trained SSD MobileNet v1, which can be deployed with a UAV for real-time and remote pavement condition inspection. According to preliminary data, the smart pavement detector camera achieves 60% accuracy at 1.2 frames per second on the Raspberry Pi and 96% accuracy at 13.8 frames per second on a CPU-based computer. Hassan et al. [72] employs CNN models that are improved tiny YOLO V3 on UAVs and achieves good results, with precision, sensitivity, and F1 score values better than 85%, but without considering FPS. Sathvik et al. [39] introduce\n\nTABLE 1. Comparison of object detection models deployed on edge device.\n\npothole detection, an edge computing framework that runs efficient deep neural networks, lowering the latency of earlier techniques. Using transfer learning-based models, an F1 score of 0.64. The YOLO V7 model had an F1 score of 0.51, which improved proportionally (the higher the F1 score, the more efficient the training model) as the number of epochs increased. The YOLO V7 runs on a CPU-based computer, however it does not consider run on edge devices.\n\nSeveral studies using CNN models deployed on NVIDIA Jetson Nano devices include the SSD-MobileNet model with a batch size of 64 and mAP of 0.22 [48], the MobileNet V2 model, and the SSD Resnet50V1 model [34], [35]. The MobileNet V2 model using hyperparameter settings has a higher mAP of 0.0869 and average recall 0.241 than the SSD Resnet50V1. Yebes et al. [40] created a massive dataset of images with pothole annotations and road scenes from many cities across the world, captured with various cameras, vehicles, and viewpoints under varying environmental circumstances. Their fine-tuned Faster R-CNN Inception v2, Faster R-CNN Resnet101, and Faster R-CNN Inception-Resnet v2 models reached precision 75%, and their CNN model deployed the pothole detector on the Nvidia DrivePX2 platform running at 5-6 frames per second. Based on the findings of this investigation, CNN models were included in the hardware, as indicated in Table 1, although further research is needed to improve system performance (mAP, AR, F1 score) and speed up inference time. Based on previous studies on road damage, several researchers have utilized the CNN model by optimizing its network structure. Specifically, the YOLO model automates the network structure through the introduction of a new module. However, few YOLOv3 models incorporate hyperparameter optimization, with only one study utilizing the Bayesian method. (iYOLOV7-TPE-SS: Leveraging Improved YOLO Model With Multilevel Hyperparameter Optimization for Road Damage Detection on Edge Devices, page 1)', 'FIGURE 9. CNN model training result.\n\nGambar ini menampilkan grafik hasil pelatihan model CNN (Convolutional Neural Network). Grafik ini terlihat seperti garis di atas yang menunjukkan proses pengembangan akurasi model CNN selama proses pelatihan. Pada awalnya, akurasi model cukup rendah, tetapi kemudian meningkat secara signifikan seiring dengan berjalannya waktu dan iterasi pelatihan.\n\nPada grafik tersebut terdapat beberapa titik tertentu yang menunjukkan peningkatan drastis dalam akurasi. Meskipun tidak ada angka spesifik yang dapat diidentifikasi, namun jelas bahwa model CNN telah berhasil meningkatkan akurasinya hingga mencapai nilai yang sangat tinggi.\n\nDari grafik ini kita dapat menyimpulkan bahwa proses pelatihan model CNN telah berjalan dengan efektif dan akurasi model meningkat secara signifikan. (Prediction of Ball Position Using CNN Methods With Zed Camera on Goalkeeper Robot Application, page 10)', ""This chapter discusses the results of the dataset that has been created as well as the results of the Convolutional Neural Network (CNN) testing that has been carried out. In this research, we produced a comprehensive dataset specifically designed for applications involving wheeled soccer goalkeeper robots. The dataset includes a variety of scenarios capturing different ball movements, speeds, shooting angles, and environmental conditions to ensure robustness and versatility.\n\nThe development, implementation, and compilation processes in this study were performed on a system with the specifications listed in Table 2. These specifications include various hardware components such as high-performance CPUs, GPUs, and adequate RAM, as well as software components including operating systems, deep learning frameworks, and data processing libraries. The choice of hardware and software was critical to achieve optimal performance, enabling efficient handling of complex algorithms and large volumes of data during the development, testing, and evaluation phases.\n\nUsing the right hardware ensured fast processing times and the ability to run intensive computations necessary for training deep learning models. Meanwhile, the selection of appropriate software provided the tools needed for data preprocessing, model training, and evaluation. For instance, the use of deep learning frameworks like TensorFlow facilitated the construction and training of the CNN model, while data processing libraries such as NumPy and Pandas were essential for managing and manipulating the dataset.\n\nTABLE 2. Computer specification.  The model's overall accuracy is approximately 98.02%, calculated as follows by equations ( 11) to (14).\n\nPrecision, measuring the proportion of correct ball predictions out of all ball predictions, is very high at 99.75%:\n\nRecall, or sensitivity, measuring the proportion of correctly identified balls out of all actual balls, is also high at 98.26%:\n\nThe F1 Score, the harmonic mean of precision and recall, is around 99.00%:\n\nThese metrics indicate that the model has high performance in detecting balls, although it struggles with correctly identifying the background.  TABLE 3. Comparisons results of the proposed system with related works. measures the model's performance on a separate dataset. A large gap between these two lines may indicate overfitting.\n\nAt epochs 0 to 20, training accuracy jumps significantly followed by a similar increase in validation accuracy. At epochs 21 to 40, there is a slight increase in training accuracy with a short period of decline before rising again, while validation accuracy rises significantly and then falls sharply before rising again. At epochs 41 to 60, both graphs show steady fluctuations. At epochs 61 to 80, the fluctuation pattern continued on both graphs. At the last epochs, 81 to 100, there is a significant drop in training accuracy followed immediately by a rapid rise, while validation accuracy shows a continuous up and down trend with no apparent stability. Testing was conducted to evaluate the performance of the trained model. Table 3 presents the performance report of the proposed model, a CNN-based machine learning model, in classifying test data into three categories: ''right,'' ''left,'' and ''center.'' With 180 test samples, the model achieved an overall accuracy of 70%, indicating that 70% of its predictions were correct. Table 3 shows the result of proposed method and other comparison models. From the performance evaluation results of the CNN prediction model for ball position, it was found that the model performed well for the prediction of the ''right'' and ''left'' classes, with F1-score of 0.84 and 0.76 respectively, indicating that the model was quite reliable in classifying both classes. However, the model performance for the ''center'' class showed a significant decrease, with an F1-score of only 0.39. This suggests either an imbalance in the data or a complexity in the ball movement pattern at the center that is difficult for the model to identify.\n\nThese findings show that while the CNN model is effective for most scenarios, there are areas that require improvement, especially in predicting the ''center'' class. One of the future development plans is to improve the data distribution by rebalancing the dataset so that the ''center'' class has more training examples. In addition, more complex models will be developed using other deep learning techniques, such as integration with Long Short-Term Memory (LSTM) to better capture temporal patterns in ball movement.\n\nFor the future, some other approaches that can be developed include the use of data augmentation to generate more variations of the ball position in the ''center'' class, as well as further tuning the CNN architecture to reduce the overfitting phenomenon detected in some epochs during training. The use of attention mechanisms can also be implemented to help the model focus on key features of the ball movement, so as to improve prediction accuracy, especially in the ''center'' class which tends to be less accurate. (Prediction of Ball Position Using CNN Methods With Zed Camera on Goalkeeper Robot Application, page 9)"", 'In pursuance of the issues raised from the empirical literature, it is necessary for process theory to transform software engineering body of knowledge especially paying attention to SSCs. Additionally, research in software engineering has been predominately prescriptive and method-focused [39], producing thousands of software development methods that remain underutilized. In order to solve the challenges with software practice, practitioners and researchers should contribute to the body of knowledge [135], given that SSCs dominate the industry and are responsible for over 80% of software produced in the market. (Software Engineering in Small Software Companies: Consolidating and Integrating Empirical Literature Into a Process Tool Adoption Framework, page 1)']","Software engineering dapat membantu pengembangan sistem berbasis CNN dengan beberapa cara:

1. **Mengidentifikasi dan mengatasi masalah**: Dengan menggunakan pendekatan ilmiah, software engineering dapat membantu mengidentifikasi masalah-masalah yang mungkin timbul dalam pengembangan sistem berbasis CNN, seperti kesalahan klasifikasi, overfitting, atau kekurangan data.
2. **Mengembangkan metode dan algoritma**: Software engineering dapat membantu mengembangkan metode dan algoritma baru untuk meningkatkan kinerja sistem berbasis CNN, seperti penggunaan teknik transfer learning, augmentation data, atau kombinasi model.
3. **Mengintegrasikan sistem**: Software engineering dapat membantu mengintegrasikan sistem berbasis CNN dengan sistem lainnya, seperti sistem keamanan, sistem monitoring, atau sistem otomatisasi.
4. **Meningkatkan efisiensi dan skalabilitas**: Software engineering dapat membantu meningkatkan efisiensi dan skalabilitas sistem berbasis CNN dengan menggunakan teknik optimisasi, caching data, atau penggunaan teknologi cloud computing.

Dalam konteks yang disebutkan di artikel, software engineering digunakan untuk mengembangkan sistem penambang emosi (sentiment analysis) berdasarkan CNN. Dengan menggunakan pendekatan ilmiah dan metode-metode baru, tim peneliti dapat meningkatkan kinerja sistem tersebut dan membuatnya lebih efektif dalam mendeteksi emosi pengguna.","[38] C Cavina-Pratesi, C Hesse. Why do the eyes prefer the index finger?

The road damage detection research makes use of laser sensors to rebuild 3D road damage as well as stereo vision technologies. Several sensors are required for the stereo vision system, including two cameras, an LED, a laser, and LiDAR.

Typically machine learning focus on design and development of algorithms with techniques. That extricate rules, and patterns from massive databases.

The Convolutional Neural Network (CNN) model is trained using the prepared dataset. CNN is a type of deep neural network that is highly effective for the analysis and processing of visual data such as images and videos.

Qurishee [71] presented an autonomous pavement condition evaluation employing deep learning, an unmanned aerial vehicle (UAV), and Raspberry Pi tiny computer technologies, which improves road maintenance and renovation management efficiency and cost effectiveness.

FIGURE 9. CNN model training result.

This chapter discusses the results of the dataset that has been created as well as the results of the Convolutional Neural Network (CNN) testing that has been carried out. In this research, we produced a comprehensive dataset specifically designed for applications involving wheeled soccer goalkeeper robots.

In pursuance of the issues raised from the empirical literature, it is necessary for process theory to transform software engineering body of knowledge especially paying attention to SSCs. Additionally, research in software engineering has been predominately prescriptive and method-focused [39], producing thousands of software development methods that remain underutilized.",NaN,0.9792701467932808,0.0,NaN
